{
  "totalExperiments": 1260,
  "avgAccuracy": 0.035146802635077364,
  "avgDummyFraction": 0.22109060736497635,
  "avgGraphF1": 0.06698699331835617,
  "avgReplies": 7145.659523809524
}